customer_id,first_name,last_name,gender,email
100,Rohini,Krishnan,female,rohinan@gmail.com
101,Padmini,Boase,female,padminase@gmail.com
102,Naresh,Dhillon,male,nareon@gmail.com
103,Arun,Narine,male,arunnaine@gmail.com
104,Darpan,Brar,male,darprar@gmail.com
105,Devika,Swamy,female,devikmy@gmail.com
106,Aayushi,Narang,female,aayushang@gmail.com
107,Anand,Sandal,male,anandal@gmail.com
108,Yadunandan,Master,male,yadunater@gmail.com
109,Julie,Ravel,female,julivel@gmail.com
110,Zaad,Joshi,male,zaadjoshi@gmail.com
111,Manjari,Rana,female,manjaana@gmail.com
112,Nutan,Uppal,female,nutaal@gmail.com
113,Bhaagyasree,Varma,female,bhaama@gmail.com
114,Jagdish,Soman,male,jagdan@gmail.com
115,Aatif,Edwin,male,aatiin@gmail.com
116,Owais,Bakshi,male,owaisshi@gmail.com
117,Hema,Jhaveri,female,hemajri@gmail.com
118,Balaji,Sachar,male,balaar@gmail.com
119,Kushal,Sachdev,male,kushdev@gmail.com
120,Umar,Hans,male,umarhans@gmail.com
121,Mowgli,Matthai,male,mowglai@gmail.com
122,Gaurav,Pandit,male,gaurdit@gmail.com
123,Yadu,Chaudhuri,male,yaduchuri@gmail.com
124,Bagwati,Pai,female,bagwai@gmail.com
125,Jack,Bedi,male,jackedi@gmail.com
126,Parveen,Ramaswamy,male,parveemy@gmail.com
127,Baldev,Dube,male,baldbe@gmail.com
128,Himesh,Ramson,male,himeon@gmail.com
129,Hema,Purohit,female,hemapit@gmail.com
130,Sameera,Tak,female,sametak@gmail.com
131,Sara,Sule,female,sarasuule@gmail.com
132,Yadu,Balasubramanian,male,yaduban@gmail.com
133,Mohan,Koshy,male,mohankhy@gmail.com
134,Madhavi,Sidhu,female,madhavhu@gmail.com
135,Narayan,Brar,male,narayaar@gmail.com
136,Binoya,Mittal,male,binoyal@gmail.com
137,Albert,Menon,male,albernon@gmail.com
138,Bahadur,Sodhani,male,bahaduni@gmail.com
139,Bimla,Cherian,female,bimlacian@gmail.com
140,Biren,Parikh,male,birenkh@gmail.com
141,Nidhi,Chaudhari,female,nidhicari@gmail.com
142,Yadunandan,Choudhry,male,yadunary@gmail.com
143,Manpreet,Mallick,male,manpick@gmail.com
144,Dinesh,Gour,male,dinesur@gmail.com
145,Bhairavi,Hegde,female,bhairagde@gmail.com
146,Astha,Madan,female,asthan@gmail.com
147,Mahmood,Malpani,male,mahmooani@gmail.com
148,Leelawati,Sharma,female,leelawrma@gmail.com
149,Narayan,Rao,male,narayaao@gmail.com
150,Mustafa,Mital,male,mustafal@gmail.com
151,Astha,Merchant,female,asthamant@gmail.com
152,Niyati,Dhawan,female,niyatian@gmail.com
153,Yadunandan,Dugal,male,yadunal@gmail.com
154,Arvind,Krish,male,arvinsh@gmail.com
155,Bimla,Parmer,female,bimlamer@gmail.com
156,Pamela,Sarkar,female,pamelkar@gmail.com
157,Somnath,Mahabir,male,somnatbir@gmail.com
158,Raju,De,male,rajuude@gmail.com
159,Aabha,Sankar,female,aabhkar@gmail.com
160,Radheshyam,Nigam,male,radhegam@gmail.com
161,Lakshmi,Varkey,male,laksey@gmail.com
162,Vijayent,Kata,male,vijayeata@gmail.com
163,Nishita,Kari,female,nishitari@gmail.com
164,Moti,Kothari,male,motiari@gmail.com
165,Lalita,Hayer,female,laliter@gmail.com
166,John,Goyal,male,johnyal@gmail.com
167,Nazir,Lad,male,nazirlad@gmail.com
168,Himani,Bhatt,female,himantt@gmail.com
169,Moti,Wable,male,motiwale@gmail.com
170,"Nawab,",Wali,male,nawabwali@gmail.com
171,Satish,Sethi,male,satihi@gmail.com
172,Diya,Vyas,female,diyaas@gmail.com
173,Radheshyam,Kanda,male,radhnda@gmail.com
174,Aatif,Dar,male,aatidar@gmail.com
175,Nandini,Chhabra,female,nandira@gmail.com
176,Ajeet,Dial,male,ajeetial@gmail.com
177,Dhanush,Chatterjee,male,dhanjee@gmail.com
178,Govind,Kata,male,goviata@gmail.com
179,Aslam,Upadhyay,male,aslamuyay@gmail.com
180,Leelawati,Seshadri,female,leelri@gmail.com
181,Jack,Dutta,male,jacktta@gmail.com
182,Namita,Bakshi,female,namishi@gmail.com
183,Zara,Mehan,female,zaramean@gmail.com
184,David,Parsa,male,davirsa@gmail.com
185,Aatif,Bose,male,aatifbse@gmail.com
186,Arun,Chana,male,arunchna@gmail.com
187,Vikrant,Shankar,male,vikrkar@gmail.com
188,Munni,Shetty,female,munnisty@gmail.com
189,Himesh,Tara,male,himeara@gmail.com
190,Shanti,Dhar,female,shanar@gmail.com
191,Bijoy,Maraj,male,bijoraj@gmail.com
192,Vimala,Kapadia,female,vimaladia@gmail.com
193,Akhil,Sathe,male,akhilsthe@gmail.com
194,Aayushman,Khan,male,aayuhan@gmail.com
195,Obaid,Taneja,male,obaidteja@gmail.com
196,Ram,Dash,male,ramdassh@gmail.com
197,Ananya,Pillay,female,ananlay@gmail.com
198,Mehul,Vora,male,mehura@gmail.com
199,Mahmood,Gola,male,mahmola@gmail.com
200,Fakaruddin,Tripathi,male,fakarthi@gmail.com
